# Gene Family	HSM7J4NY_Abundance-RPKs
UNMAPPED	10963114.0
UNGROUPED	2552297.395
UNGROUPED|g__Alistipes.s__Alistipes_finegoldii	41352.528
UNGROUPED|g__Alistipes.s__Alistipes_putredinis	27672.465
UNGROUPED|g__Alistipes.s__Alistipes_putredinis_CAG_67	20273.066
UNGROUPED|g__Bacteroides.s__Bacteroides_caccae	209978.768
UNGROUPED|g__Bacteroides.s__Bacteroides_stercoris	26004.132
UNGROUPED|g__Bacteroides.s__Bacteroides_uniformis	77297.471
UNGROUPED|g__Bacteroides.s__Bacteroides_uniformis_CAG_3	42557.065
UNGROUPED|g__Bacteroides.s__Bacteroides_vulgatus	72932.342
UNGROUPED|g__Bacteroides.s__Bacteroides_vulgatus_CAG_6	9122.211
UNGROUPED|g__Methanomassiliicoccus.s__Candidatus_Methanomassiliicoccus_intestinalis	32968.325
UNGROUPED|g__Parabacteroides.s__Parabacteroides_distasonis	147692.432
UNGROUPED|g__Parabacteroides.s__Parabacteroides_merdae	668147.007
UNGROUPED|g__Parasutterella.s__Parasutterella_excrementihominis	374768.927
UNGROUPED|unclassified	801530.656
1.1.1.1	14.275
1.1.1.1|g__Alistipes.s__Alistipes_finegoldii	14.275
1.1.1.100	88.174
1.1.1.100|g__Bacteroides.s__Bacteroides_caccae	4.604
1.1.1.100|g__Bacteroides.s__Bacteroides_stercoris	12.2
1.1.1.100|g__Bacteroides.s__Bacteroides_uniformis	50.466
1.1.1.100|g__Bacteroides.s__Bacteroides_uniformis_CAG_3	4.592
1.1.1.100|unclassified	16.312
1.1.1.103	8.068
1.1.1.103|g__Bacteroides.s__Bacteroides_stercoris	2.275
1.1.1.103|g__Bacteroides.s__Bacteroides_uniformis	2.309
1.1.1.103|g__Bacteroides.s__Bacteroides_uniformis_CAG_3	3.484
1.1.1.131	16.643
1.1.1.131|g__Parabacteroides.s__Parabacteroides_distasonis	16.643
1.1.1.14	15.638
1.1.1.14|g__Bacteroides.s__Bacteroides_uniformis	5.224
1.1.1.14|g__Bacteroides.s__Bacteroides_uniformis_CAG_3	10.415
1.1.1.157	11.893
1.1.1.157|unclassified	11.893
1.1.1.17	85.242
1.1.1.17|g__Alistipes.s__Alistipes_finegoldii	85.242
1.1.1.18	83.985
1.1.1.18|g__Bacteroides.s__Bacteroides_uniformis	42.647
1.1.1.18|g__Bacteroides.s__Bacteroides_uniformis_CAG_3	41.337
1.1.1.205	61.552
1.1.1.205|g__Bacteroides.s__Bacteroides_vulgatus	7.927
1.1.1.205|g__Bacteroides.s__Bacteroides_vulgatus_CAG_6	10.135
1.1.1.205|unclassified	43.49
1.1.1.25	16.974
1.1.1.25|unclassified	16.974
1.1.1.262	60.748
1.1.1.262|g__Alistipes.s__Alistipes_putredinis	9.974
1.1.1.262|g__Alistipes.s__Alistipes_putredinis_CAG_67	26.91
1.1.1.262|g__Bacteroides.s__Bacteroides_stercoris	3.981
1.1.1.262|g__Bacteroides.s__Bacteroides_uniformis	10.946
1.1.1.262|g__Bacteroides.s__Bacteroides_uniformis_CAG_3	8.936
1.1.1.267	10.89
1.1.1.267|unclassified	10.89
1.1.1.28	34.092
1.1.1.28|g__Parabacteroides.s__Parabacteroides_distasonis	17.671
1.1.1.28|unclassified	16.421
1.1.1.290	16.482
1.1.1.290|g__Alistipes.s__Alistipes_putredinis	9.398
1.1.1.290|g__Alistipes.s__Alistipes_putredinis_CAG_67	7.084
1.1.1.35	11.893
1.1.1.35|unclassified	11.893
1.1.1.37	167.128
1.1.1.37|g__Alistipes.s__Alistipes_finegoldii	62.388
1.1.1.37|g__Alistipes.s__Alistipes_putredinis	16.422
1.1.1.37|g__Alistipes.s__Alistipes_putredinis_CAG_67	29.406
1.1.1.37|g__Bacteroides.s__Bacteroides_stercoris	3.547
1.1.1.37|g__Bacteroides.s__Bacteroides_uniformis	1.183
1.1.1.37|g__Bacteroides.s__Bacteroides_uniformis_CAG_3	2.354
1.1.1.37|g__Bacteroides.s__Bacteroides_vulgatus	1.175
1.1.1.37|g__Bacteroides.s__Bacteroides_vulgatus_CAG_6	1.175
1.1.1.37|g__Parabacteroides.s__Parabacteroides_distasonis	47.118
1.1.1.37|g__Parabacteroides.s__Parabacteroides_merdae	2.359
1.1.1.42	90.387
1.1.1.42|g__Bacteroides.s__Bacteroides_vulgatus	4.73
1.1.1.42|g__Bacteroides.s__Bacteroides_vulgatus_CAG_6	2.849
1.1.1.42|g__Parabacteroides.s__Parabacteroides_distasonis	21.081
1.1.1.42|unclassified	61.728
1.1.1.44	148.816
1.1.1.44|g__Bacteroides.s__Bacteroides_stercoris	27.454
1.1.1.44|g__Bacteroides.s__Bacteroides_uniformis	31.06
1.1.1.44|g__Bacteroides.s__Bacteroides_uniformis_CAG_3	28.07
1.1.1.44|g__Bacteroides.s__Bacteroides_vulgatus	15.621
1.1.1.44|g__Bacteroides.s__Bacteroides_vulgatus_CAG_6	9.67
1.1.1.44|g__Parabacteroides.s__Parabacteroides_merdae	36.942
1.1.1.49	45.844
1.1.1.49|g__Bacteroides.s__Bacteroides_stercoris	29.164
1.1.1.49|g__Parabacteroides.s__Parabacteroides_merdae	16.68
1.1.1.86	36.123
1.1.1.86|g__Bacteroides.s__Bacteroides_vulgatus	36.123
1.1.1.94	13.415
1.1.1.94|unclassified	13.415
1.1.1.95	30.213
1.1.1.95|g__Bacteroides.s__Bacteroides_stercoris	16.915
1.1.1.95|g__Bacteroides.s__Bacteroides_vulgatus	6.048
1.1.1.95|g__Bacteroides.s__Bacteroides_vulgatus_CAG_6	7.251
1.1.99.28	75.492
1.1.99.28|g__Parabacteroides.s__Parabacteroides_distasonis	75.492
1.10.3.10	111.572
1.10.3.10|g__Bacteroides.s__Bacteroides_stercoris	12.271
1.10.3.10|g__Bacteroides.s__Bacteroides_uniformis	38.864
1.10.3.10|g__Bacteroides.s__Bacteroides_uniformis_CAG_3	60.438
1.10.9.1	86.263
1.10.9.1|unclassified	86.263
1.11.1.1	605.744
1.11.1.1|g__Alistipes.s__Alistipes_finegoldii	39.014
1.11.1.1|g__Bacteroides.s__Bacteroides_caccae	47.434
1.11.1.1|g__Bacteroides.s__Bacteroides_stercoris	27.838
1.11.1.1|g__Bacteroides.s__Bacteroides_uniformis	42.966
1.11.1.1|g__Bacteroides.s__Bacteroides_uniformis_CAG_3	19.406
1.11.1.1|g__Bacteroides.s__Bacteroides_vulgatus	58.827
1.11.1.1|g__Bacteroides.s__Bacteroides_vulgatus_CAG_6	102.354
1.11.1.1|unclassified	267.904
1.11.1.15	1985.36
1.11.1.15|g__Alistipes.s__Alistipes_finegoldii	9.68
1.11.1.15|g__Alistipes.s__Alistipes_putredinis	34.041
1.11.1.15|g__Alistipes.s__Alistipes_putredinis_CAG_67	31.709
1.11.1.15|g__Bacteroides.s__Bacteroides_caccae	19.609
1.11.1.15|g__Bacteroides.s__Bacteroides_stercoris	183.992
1.11.1.15|g__Bacteroides.s__Bacteroides_uniformis	225.732
1.11.1.15|g__Bacteroides.s__Bacteroides_uniformis_CAG_3	172.019
1.11.1.15|g__Bacteroides.s__Bacteroides_vulgatus	60.979
1.11.1.15|g__Bacteroides.s__Bacteroides_vulgatus_CAG_6	38.89
1.11.1.15|g__Methanomassiliicoccus.s__Candidatus_Methanomassiliicoccus_intestinalis	38.313
1.11.1.15|g__Parabacteroides.s__Parabacteroides_distasonis	630.737
1.11.1.15|g__Parabacteroides.s__Parabacteroides_merdae	400.392
1.11.1.15|unclassified	139.268
1.11.1.6	13.136
1.11.1.6|unclassified	13.136
1.13.11.24	12.89
1.13.11.24|g__Alistipes.s__Alistipes_finegoldii	12.89
1.15.1.1	1214.195
1.15.1.1|g__Alistipes.s__Alistipes_finegoldii	23.164
1.15.1.1|g__Bacteroides.s__Bacteroides_caccae	116.162
1.15.1.1|g__Bacteroides.s__Bacteroides_stercoris	34.11
1.15.1.1|g__Bacteroides.s__Bacteroides_uniformis	233.213
1.15.1.1|g__Bacteroides.s__Bacteroides_uniformis_CAG_3	64.45
1.15.1.1|g__Bacteroides.s__Bacteroides_vulgatus	57.106
1.15.1.1|g__Bacteroides.s__Bacteroides_vulgatus_CAG_6	91.455
1.15.1.1|g__Parabacteroides.s__Parabacteroides_distasonis	265.428
1.15.1.1|g__Parabacteroides.s__Parabacteroides_merdae	266.391
1.15.1.1|g__Parasutterella.s__Parasutterella_excrementihominis	7.59
1.15.1.1|unclassified	55.125
1.16.1.1	20.45
1.16.1.1|unclassified	20.45
1.16.3.2	850.592
1.16.3.2|g__Alistipes.s__Alistipes_finegoldii	92.521
1.16.3.2|g__Alistipes.s__Alistipes_putredinis	23.284
1.16.3.2|g__Alistipes.s__Alistipes_putredinis_CAG_67	30.201
1.16.3.2|g__Bacteroides.s__Bacteroides_stercoris	154.291
1.16.3.2|g__Bacteroides.s__Bacteroides_vulgatus	67.463
1.16.3.2|g__Bacteroides.s__Bacteroides_vulgatus_CAG_6	25.596
1.16.3.2|g__Parabacteroides.s__Parabacteroides_distasonis	45.853
1.16.3.2|g__Parabacteroides.s__Parabacteroides_merdae	168.384
1.16.3.2|unclassified	242.999
1.17.1.8	36.678
1.17.1.8|unclassified	36.678
1.17.7.4	31.105
1.17.7.4|unclassified	31.105
1.18.1.2	25.237
1.18.1.2|g__Alistipes.s__Alistipes_putredinis	15.155
1.18.1.2|g__Alistipes.s__Alistipes_putredinis_CAG_67	10.083
1.2.1.11	32.893
1.2.1.11|g__Alistipes.s__Alistipes_putredinis	8.777
1.2.1.11|g__Alistipes.s__Alistipes_putredinis_CAG_67	3.29
1.2.1.11|unclassified	20.827
1.2.1.12	67.365
1.2.1.12|g__Parabacteroides.s__Parabacteroides_distasonis	22.004
1.2.1.12|unclassified	45.362
1.2.1.38	40.303
1.2.1.38|unclassified	40.303
1.2.1.59	17.329
1.2.1.59|g__Methanomassiliicoccus.s__Candidatus_Methanomassiliicoccus_intestinalis	17.329
1.2.4.2	8.547
1.2.4.2|unclassified	8.547
1.2.7.7	81.799
1.2.7.7|g__Bacteroides.s__Bacteroides_vulgatus	22.186
1.2.7.7|g__Bacteroides.s__Bacteroides_vulgatus_CAG_6	37.371
1.2.7.7|g__Parabacteroides.s__Parabacteroides_merdae	22.241
1.2.7.8	53.631
1.2.7.8|g__Alistipes.s__Alistipes_putredinis	50.97
1.2.7.8|g__Alistipes.s__Alistipes_putredinis_CAG_67	2.66
1.2.99.2	6.447
1.2.99.2|unclassified	6.447
1.21.4.2	426.945
1.21.4.2|unclassified	426.945
1.21.4.3	426.945
1.21.4.3|unclassified	426.945
1.21.4.4	426.945
1.21.4.4|unclassified	426.945
1.3.1.101	15.504
1.3.1.101|g__Methanomassiliicoccus.s__Candidatus_Methanomassiliicoccus_intestinalis	15.504
1.3.1.14	9.755
1.3.1.14|g__Parabacteroides.s__Parabacteroides_distasonis	2.424
1.3.1.14|g__Parabacteroides.s__Parabacteroides_merdae	7.331
1.3.1.9	30.243
1.3.1.9|g__Parabacteroides.s__Parabacteroides_distasonis	11.741
1.3.1.9|g__Parabacteroides.s__Parabacteroides_merdae	5.232
1.3.1.9|unclassified	13.27
1.3.1.98	14.485
1.3.1.98|g__Bacteroides.s__Bacteroides_uniformis	10.041
1.3.1.98|g__Bacteroides.s__Bacteroides_uniformis_CAG_3	4.444
1.3.5.2	8.876
1.3.5.2|g__Methanomassiliicoccus.s__Candidatus_Methanomassiliicoccus_intestinalis	8.876
1.3.8.1	13.259
1.3.8.1|unclassified	13.259
1.3.99.1	18.415
1.3.99.1|g__Alistipes.s__Alistipes_putredinis	3.072
1.3.99.1|g__Alistipes.s__Alistipes_putredinis_CAG_67	15.342
1.4.1.1	43.345
1.4.1.1|g__Alistipes.s__Alistipes_putredinis	7.868
1.4.1.1|g__Alistipes.s__Alistipes_putredinis_CAG_67	3.932
1.4.1.1|g__Bacteroides.s__Bacteroides_stercoris	19.698
1.4.1.1|g__Bacteroides.s__Bacteroides_uniformis	9.872
1.4.1.1|g__Bacteroides.s__Bacteroides_uniformis_CAG_3	1.974
1.4.1.13	20.499
1.4.1.13|unclassified	20.499
1.4.1.16	22.313
1.4.1.16|g__Bacteroides.s__Bacteroides_caccae	17.35
1.4.1.16|g__Bacteroides.s__Bacteroides_stercoris	2.481
1.4.1.16|g__Bacteroides.s__Bacteroides_uniformis	2.481
1.4.1.2	365.741
1.4.1.2|g__Bacteroides.s__Bacteroides_caccae	57.805
1.4.1.2|g__Bacteroides.s__Bacteroides_stercoris	27.737
1.4.1.2|g__Bacteroides.s__Bacteroides_uniformis	67.471
1.4.1.2|g__Bacteroides.s__Bacteroides_uniformis_CAG_3	51.423
1.4.1.2|g__Bacteroides.s__Bacteroides_vulgatus	92.42
1.4.1.2|g__Bacteroides.s__Bacteroides_vulgatus_CAG_6	38.558
1.4.1.2|unclassified	30.328
1.4.3.16	11.477
1.4.3.16|g__Parabacteroides.s__Parabacteroides_merdae	11.477
1.4.4.2	43.329
1.4.4.2|g__Alistipes.s__Alistipes_finegoldii	19.745
1.4.4.2|unclassified	23.584
1.5.1.2	64.258
1.5.1.2|g__Alistipes.s__Alistipes_finegoldii	14.506
1.5.1.2|g__Parabacteroides.s__Parabacteroides_merdae	9.802
1.5.1.2|unclassified	39.95
1.5.1.20	109.493
1.5.1.20|g__Bacteroides.s__Bacteroides_stercoris	1.167
1.5.1.20|g__Bacteroides.s__Bacteroides_uniformis	11.609
1.5.1.20|g__Bacteroides.s__Bacteroides_uniformis_CAG_3	2.322
1.5.1.20|g__Parabacteroides.s__Parabacteroides_merdae	94.396
1.5.1.3	15.405
1.5.1.3|g__Alistipes.s__Alistipes_putredinis	7.719
1.5.1.3|g__Alistipes.s__Alistipes_putredinis_CAG_67	7.686
1.5.1.5	21.224
1.5.1.5|g__Bacteroides.s__Bacteroides_caccae	5.076
1.5.1.5|g__Bacteroides.s__Bacteroides_uniformis	2.535
1.5.1.5|g__Bacteroides.s__Bacteroides_uniformis_CAG_3	5.052
1.5.1.5|unclassified	8.561
1.5.98.2	7.503
1.5.98.2|unclassified	7.503
1.6.5.11	7.752
1.6.5.11|g__Bacteroides.s__Bacteroides_uniformis	7.752
1.6.99.5	82.943
1.6.99.5|g__Methanomassiliicoccus.s__Candidatus_Methanomassiliicoccus_intestinalis	82.943
1.8.1.14	21.031
1.8.1.14|g__Bacteroides.s__Bacteroides_vulgatus	13.279
1.8.1.14|g__Bacteroides.s__Bacteroides_vulgatus_CAG_6	7.752
1.8.1.4	38.224
1.8.1.4|g__Parabacteroides.s__Parabacteroides_merdae	38.224
1.8.1.9	142.854
1.8.1.9|g__Alistipes.s__Alistipes_putredinis	6.04
1.8.1.9|g__Alistipes.s__Alistipes_putredinis_CAG_67	3.581
1.8.1.9|unclassified	133.233
1.8.4.11	10.809
1.8.4.11|g__Alistipes.s__Alistipes_putredinis	7.212
1.8.4.11|g__Alistipes.s__Alistipes_putredinis_CAG_67	3.597
1.8.99.3	14.035
1.8.99.3|unclassified	14.035
1.9.3.1	15.895
1.9.3.1|unclassified	15.895
2.1.1.13	38.52
2.1.1.13|g__Bacteroides.s__Bacteroides_uniformis	21.693
2.1.1.13|g__Bacteroides.s__Bacteroides_uniformis_CAG_3	16.826
2.1.1.131	41.177
2.1.1.131|g__Bacteroides.s__Bacteroides_uniformis	13.423
2.1.1.131|g__Bacteroides.s__Bacteroides_uniformis_CAG_3	5.293
2.1.1.131|unclassified	22.461
2.1.1.148	30.165
2.1.1.148|g__Methanomassiliicoccus.s__Candidatus_Methanomassiliicoccus_intestinalis	30.165
2.1.1.177	11.333
2.1.1.177|unclassified	11.333
2.1.1.182	56.496
2.1.1.182|g__Alistipes.s__Alistipes_putredinis	18.646
2.1.1.182|g__Alistipes.s__Alistipes_putredinis_CAG_67	19.941
2.1.1.182|g__Bacteroides.s__Bacteroides_stercoris	5.666
2.1.1.182|g__Bacteroides.s__Bacteroides_uniformis	1.372
2.1.1.182|g__Bacteroides.s__Bacteroides_uniformis_CAG_3	2.865
2.1.1.182|g__Bacteroides.s__Bacteroides_vulgatus	6.676
2.1.1.182|g__Bacteroides.s__Bacteroides_vulgatus_CAG_6	1.33
2.1.1.191	18.505
2.1.1.191|g__Alistipes.s__Alistipes_finegoldii	18.505
2.1.1.198	128.614
2.1.1.198|g__Bacteroides.s__Bacteroides_vulgatus	21.932
2.1.1.198|g__Bacteroides.s__Bacteroides_vulgatus_CAG_6	11.006
2.1.1.198|g__Parabacteroides.s__Parabacteroides_distasonis	14.728
2.1.1.198|g__Parabacteroides.s__Parabacteroides_merdae	9.71
2.1.1.198|unclassified	71.238
2.1.1.199	45.021
2.1.1.199|unclassified	45.021
2.1.1.207	29.003
2.1.1.207|unclassified	29.003
2.1.1.228	44.556
2.1.1.228|g__Alistipes.s__Alistipes_finegoldii	20.499
2.1.1.228|unclassified	24.057
2.1.1.297	45.92
2.1.1.297|g__Parabacteroides.s__Parabacteroides_merdae	23.784
2.1.1.297|unclassified	22.135
2.1.1.34	46.986
2.1.1.34|g__Alistipes.s__Alistipes_putredinis	18.46
2.1.1.34|g__Alistipes.s__Alistipes_putredinis_CAG_67	28.526
2.1.1.37	99.831
2.1.1.37|unclassified	99.831
2.1.1.45	56.938
2.1.1.45|g__Parabacteroides.s__Parabacteroides_distasonis	2.863
2.1.1.45|g__Parabacteroides.s__Parabacteroides_merdae	42.813
2.1.1.45|unclassified	11.261
2.1.2.1	72.767
2.1.2.1|g__Bacteroides.s__Bacteroides_caccae	1.684
2.1.2.1|g__Bacteroides.s__Bacteroides_stercoris	3.366
2.1.2.1|g__Bacteroides.s__Bacteroides_uniformis	4.205
2.1.2.1|g__Bacteroides.s__Bacteroides_uniformis_CAG_3	4.199
2.1.2.1|g__Bacteroides.s__Bacteroides_vulgatus	3.364
2.1.2.1|g__Parabacteroides.s__Parabacteroides_distasonis	21.897
2.1.2.1|g__Parabacteroides.s__Parabacteroides_merdae	20.163
2.1.2.1|unclassified	13.889
2.1.2.10	129.658
2.1.2.10|g__Alistipes.s__Alistipes_finegoldii	12.851
2.1.2.10|g__Bacteroides.s__Bacteroides_stercoris	2.001
2.1.2.10|g__Bacteroides.s__Bacteroides_uniformis	15.065
2.1.2.10|g__Bacteroides.s__Bacteroides_uniformis_CAG_3	41.138
2.1.2.10|g__Bacteroides.s__Bacteroides_vulgatus	9.07
2.1.2.10|g__Bacteroides.s__Bacteroides_vulgatus_CAG_6	6.03
2.1.2.10|g__Parabacteroides.s__Parabacteroides_distasonis	1.008
2.1.2.10|g__Parabacteroides.s__Parabacteroides_merdae	12.079
2.1.2.10|unclassified	30.416
2.1.2.11	64.553
2.1.2.11|g__Alistipes.s__Alistipes_putredinis	12.43
2.1.2.11|g__Alistipes.s__Alistipes_putredinis_CAG_67	2.759
2.1.2.11|g__Bacteroides.s__Bacteroides_vulgatus	15.065
2.1.2.11|g__Bacteroides.s__Bacteroides_vulgatus_CAG_6	19.211
2.1.2.11|g__Parabacteroides.s__Parabacteroides_distasonis	15.089
2.1.2.3	39.304
2.1.2.3|g__Bacteroides.s__Bacteroides_caccae	2.783
2.1.2.3|g__Bacteroides.s__Bacteroides_stercoris	6.278
2.1.2.3|g__Bacteroides.s__Bacteroides_uniformis	7.69
2.1.2.3|g__Bacteroides.s__Bacteroides_uniformis_CAG_3	9.089
2.1.2.3|g__Bacteroides.s__Bacteroides_vulgatus	1.386
2.1.2.3|g__Bacteroides.s__Bacteroides_vulgatus_CAG_6	0.7
2.1.2.3|unclassified	11.378
2.1.2.5	50.533
2.1.2.5|g__Alistipes.s__Alistipes_putredinis	10.578
2.1.2.5|g__Alistipes.s__Alistipes_putredinis_CAG_67	4.35
2.1.2.5|unclassified	35.605
2.1.2.9	9.026
2.1.2.9|unclassified	9.026
2.1.3.1	26.098
2.1.3.1|g__Alistipes.s__Alistipes_finegoldii	26.098
2.1.3.2	137.89
2.1.3.2|g__Bacteroides.s__Bacteroides_caccae	12.957
2.1.3.2|g__Bacteroides.s__Bacteroides_stercoris	4.801
2.1.3.2|g__Bacteroides.s__Bacteroides_uniformis	35.069
2.1.3.2|g__Bacteroides.s__Bacteroides_uniformis_CAG_3	43.319
2.1.3.2|g__Methanomassiliicoccus.s__Candidatus_Methanomassiliicoccus_intestinalis	23.663
2.1.3.2|g__Parabacteroides.s__Parabacteroides_distasonis	7.227
2.1.3.2|g__Parabacteroides.s__Parabacteroides_merdae	10.854
2.2.1.2	95.872
2.2.1.2|g__Parabacteroides.s__Parabacteroides_distasonis	7.006
2.2.1.2|g__Parabacteroides.s__Parabacteroides_merdae	40.817
2.2.1.2|unclassified	48.049
2.2.1.7	29.212
2.2.1.7|g__Alistipes.s__Alistipes_finegoldii	19.559
2.2.1.7|unclassified	9.653
2.3.1.1	44.329
2.3.1.1|unclassified	44.329
2.3.1.179	108.72
2.3.1.179|g__Alistipes.s__Alistipes_finegoldii	28.549
2.3.1.179|g__Bacteroides.s__Bacteroides_caccae	19.618
2.3.1.179|g__Bacteroides.s__Bacteroides_stercoris	44.373
2.3.1.179|g__Bacteroides.s__Bacteroides_uniformis	5.97
2.3.1.179|g__Bacteroides.s__Bacteroides_uniformis_CAG_3	10.209
2.3.1.180	167.72
2.3.1.180|g__Alistipes.s__Alistipes_putredinis	14.208
2.3.1.180|g__Alistipes.s__Alistipes_putredinis_CAG_67	5.465
2.3.1.180|g__Bacteroides.s__Bacteroides_stercoris	113.577
2.3.1.180|g__Bacteroides.s__Bacteroides_uniformis	9.727
2.3.1.180|g__Bacteroides.s__Bacteroides_uniformis_CAG_3	6.583
2.3.1.180|g__Bacteroides.s__Bacteroides_vulgatus	18.162
2.3.1.181	47.379
2.3.1.181|g__Bacteroides.s__Bacteroides_stercoris	17.38
2.3.1.181|g__Bacteroides.s__Bacteroides_uniformis	5.304
2.3.1.181|g__Bacteroides.s__Bacteroides_uniformis_CAG_3	15.809
2.3.1.181|unclassified	8.887
2.3.1.19	15.481
2.3.1.19|unclassified	15.481
2.3.1.222	23.796
2.3.1.222|unclassified	23.796
2.3.1.234	37.677
2.3.1.234|unclassified	37.677
2.3.1.29	240.126
2.3.1.29|g__Alistipes.s__Alistipes_finegoldii	35.613
2.3.1.29|g__Alistipes.s__Alistipes_putredinis	6.382
2.3.1.29|g__Alistipes.s__Alistipes_putredinis_CAG_67	4.572
2.3.1.29|g__Bacteroides.s__Bacteroides_caccae	3.475
2.3.1.29|g__Bacteroides.s__Bacteroides_stercoris	9.14
2.3.1.29|g__Bacteroides.s__Bacteroides_uniformis	37.454
2.3.1.29|g__Bacteroides.s__Bacteroides_uniformis_CAG_3	22.795
2.3.1.29|g__Bacteroides.s__Bacteroides_vulgatus	71.637
2.3.1.29|g__Bacteroides.s__Bacteroides_vulgatus_CAG_6	15.491
2.3.1.29|g__Parabacteroides.s__Parabacteroides_merdae	12.758
2.3.1.29|unclassified	20.809
2.3.1.31	17.874
2.3.1.31|g__Parabacteroides.s__Parabacteroides_distasonis	5.954
2.3.1.31|g__Parabacteroides.s__Parabacteroides_merdae	11.92
2.3.1.35	44.329
2.3.1.35|unclassified	44.329
2.3.1.51	43.552
2.3.1.51|g__Bacteroides.s__Bacteroides_stercoris	15.022
2.3.1.51|g__Bacteroides.s__Bacteroides_uniformis	9.034
2.3.1.51|g__Bacteroides.s__Bacteroides_uniformis_CAG_3	19.496
2.3.1.57	37.236
2.3.1.57|g__Parabacteroides.s__Parabacteroides_distasonis	21.227
2.3.1.57|unclassified	16.009
2.3.1.8	15.481
2.3.1.8|unclassified	15.481
2.3.1.89	8.452
2.3.1.89|unclassified	8.452
2.3.1.9	14.343
2.3.1.9|unclassified	14.343
2.3.1.n2	81.345
2.3.1.n2|g__Alistipes.s__Alistipes_finegoldii	18.608
2.3.1.n2|g__Alistipes.s__Alistipes_putredinis	13.953
2.3.1.n2|g__Alistipes.s__Alistipes_putredinis_CAG_67	10.486
2.3.1.n2|unclassified	38.298
2.3.1.n3	241.168
2.3.1.n3|g__Alistipes.s__Alistipes_putredinis	70.308
2.3.1.n3|g__Alistipes.s__Alistipes_putredinis_CAG_67	28.042
2.3.1.n3|unclassified	142.817
2.3.2.3	30.915
2.3.2.3|unclassified	30.915
2.3.3.13	50.4
2.3.3.13|g__Alistipes.s__Alistipes_finegoldii	50.4
2.4.1.1	42.863
2.4.1.1|g__Bacteroides.s__Bacteroides_stercoris	0.406
2.4.1.1|g__Bacteroides.s__Bacteroides_uniformis	14.19
2.4.1.1|g__Bacteroides.s__Bacteroides_vulgatus	1.213
2.4.1.1|g__Parabacteroides.s__Parabacteroides_distasonis	0.812
2.4.1.1|g__Parabacteroides.s__Parabacteroides_merdae	2.018
2.4.1.1|unclassified	24.224
2.4.1.157	20.698
2.4.1.157|unclassified	20.698
2.4.1.18	25.976
2.4.1.18|unclassified	25.976
2.4.1.182	10.568
2.4.1.182|g__Parabacteroides.s__Parabacteroides_distasonis	10.568
2.4.1.21	83.69
2.4.1.21|g__Bacteroides.s__Bacteroides_caccae	17.453
2.4.1.21|unclassified	66.238
2.4.1.25	31.88
2.4.1.25|unclassified	31.88
2.4.1.280	15.037
2.4.1.280|g__Bacteroides.s__Bacteroides_uniformis	7.102
2.4.1.280|g__Bacteroides.s__Bacteroides_uniformis_CAG_3	7.935
2.4.1.320	11.741
2.4.1.320|unclassified	11.741
2.4.2.1	20.47
2.4.2.1|unclassified	20.47
2.4.2.10	11.013
2.4.2.10|g__Bacteroides.s__Bacteroides_caccae	3.666
2.4.2.10|g__Bacteroides.s__Bacteroides_stercoris	1.845
2.4.2.10|g__Bacteroides.s__Bacteroides_uniformis_CAG_3	5.501
2.4.2.14	36.103
2.4.2.14|g__Methanomassiliicoccus.s__Candidatus_Methanomassiliicoccus_intestinalis	20.235
2.4.2.14|unclassified	15.868
2.4.2.17	7.789
2.4.2.17|g__Methanomassiliicoccus.s__Candidatus_Methanomassiliicoccus_intestinalis	7.789
2.4.2.19	64.234
2.4.2.19|g__Alistipes.s__Alistipes_putredinis	9.2
2.4.2.19|g__Alistipes.s__Alistipes_putredinis_CAG_67	10.537
2.4.2.19|g__Bacteroides.s__Bacteroides_caccae	3.979
2.4.2.19|g__Bacteroides.s__Bacteroides_uniformis	7.958
2.4.2.19|g__Bacteroides.s__Bacteroides_uniformis_CAG_3	7.935
2.4.2.19|g__Methanomassiliicoccus.s__Candidatus_Methanomassiliicoccus_intestinalis	9.883
2.4.2.19|g__Parabacteroides.s__Parabacteroides_distasonis	14.742
2.4.2.22	138.722
2.4.2.22|unclassified	138.722
2.4.2.28	8.696
2.4.2.28|g__Methanomassiliicoccus.s__Candidatus_Methanomassiliicoccus_intestinalis	8.696
2.4.2.29	44.519
2.4.2.29|g__Alistipes.s__Alistipes_putredinis	13.488
2.4.2.29|g__Alistipes.s__Alistipes_putredinis_CAG_67	0.966
2.4.2.29|g__Bacteroides.s__Bacteroides_caccae	3.818
2.4.2.29|g__Bacteroides.s__Bacteroides_uniformis	5.775
2.4.2.29|g__Bacteroides.s__Bacteroides_uniformis_CAG_3	8.684
2.4.2.29|unclassified	11.788
2.4.2.3	20.205
2.4.2.3|unclassified	20.205
2.4.2.7	6.961
2.4.2.7|g__Bacteroides.s__Bacteroides_stercoris	2.326
2.4.2.7|g__Bacteroides.s__Bacteroides_uniformis	4.635
2.4.2.8	91.215
2.4.2.8|g__Bacteroides.s__Bacteroides_caccae	38.305
2.4.2.8|unclassified	52.911
2.4.2.9	63.415
2.4.2.9|unclassified	63.415
2.4.99.17	22.703
2.4.99.17|g__Bacteroides.s__Bacteroides_stercoris	20.672
2.4.99.17|g__Bacteroides.s__Bacteroides_uniformis_CAG_3	2.032
2.5.1.129	33.593
2.5.1.129|g__Methanomassiliicoccus.s__Candidatus_Methanomassiliicoccus_intestinalis	33.593
2.5.1.17	57.139
2.5.1.17|g__Alistipes.s__Alistipes_putredinis	6.961
2.5.1.17|g__Alistipes.s__Alistipes_putredinis_CAG_67	18.72
2.5.1.17|g__Bacteroides.s__Bacteroides_stercoris	8.497
2.5.1.17|g__Bacteroides.s__Bacteroides_uniformis	18.759
2.5.1.17|g__Bacteroides.s__Bacteroides_uniformis_CAG_3	4.202
2.5.1.19	137.62
2.5.1.19|g__Alistipes.s__Alistipes_finegoldii	27.732
2.5.1.19|g__Methanomassiliicoccus.s__Candidatus_Methanomassiliicoccus_intestinalis	26.627
2.5.1.19|unclassified	83.262
2.5.1.3	11.233
2.5.1.3|g__Alistipes.s__Alistipes_putredinis	5.625
2.5.1.3|g__Alistipes.s__Alistipes_putredinis_CAG_67	5.608
2.5.1.47	16.366
2.5.1.47|g__Parabacteroides.s__Parabacteroides_distasonis	16.366
2.5.1.54	11.009
2.5.1.54|unclassified	11.009
2.5.1.6	48.985
2.5.1.6|unclassified	48.985
2.5.1.7	144.838
2.5.1.7|g__Alistipes.s__Alistipes_finegoldii	15.75
2.5.1.7|g__Alistipes.s__Alistipes_putredinis	36.049
2.5.1.7|g__Alistipes.s__Alistipes_putredinis_CAG_67	24.609
2.5.1.7|g__Parabacteroides.s__Parabacteroides_distasonis	57.704
2.5.1.7|g__Parabacteroides.s__Parabacteroides_merdae	10.725
2.5.1.72	30.971
2.5.1.72|g__Bacteroides.s__Bacteroides_stercoris	2.119
2.5.1.72|g__Bacteroides.s__Bacteroides_uniformis	7.094
2.5.1.72|g__Bacteroides.s__Bacteroides_uniformis_CAG_3	10.638
2.5.1.72|g__Bacteroides.s__Bacteroides_vulgatus	7.774
2.5.1.72|g__Bacteroides.s__Bacteroides_vulgatus_CAG_6	3.346
2.5.1.74	53.752
2.5.1.74|g__Bacteroides.s__Bacteroides_uniformis	30.543
2.5.1.74|g__Bacteroides.s__Bacteroides_uniformis_CAG_3	23.208
2.5.1.75	53.381
2.5.1.75|g__Alistipes.s__Alistipes_finegoldii	7.328
2.5.1.75|g__Bacteroides.s__Bacteroides_stercoris	2.418
2.5.1.75|g__Bacteroides.s__Bacteroides_uniformis	13.312
2.5.1.75|g__Parabacteroides.s__Parabacteroides_merdae	30.323
2.5.1.78	97.165
2.5.1.78|g__Alistipes.s__Alistipes_finegoldii	22.764
2.5.1.78|g__Methanomassiliicoccus.s__Candidatus_Methanomassiliicoccus_intestinalis	22.256
2.5.1.78|unclassified	52.145
2.5.1.89	13.052
2.5.1.89|g__Methanomassiliicoccus.s__Candidatus_Methanomassiliicoccus_intestinalis	13.052
2.5.1.9	15.948
2.5.1.9|unclassified	15.948
2.6.1.1	17.596
2.6.1.1|g__Bacteroides.s__Bacteroides_caccae	1.808
2.6.1.1|g__Bacteroides.s__Bacteroides_uniformis_CAG_3	1.812
2.6.1.1|g__Bacteroides.s__Bacteroides_vulgatus	1.979
2.6.1.1|g__Bacteroides.s__Bacteroides_vulgatus_CAG_6	0.899
2.6.1.1|g__Parabacteroides.s__Parabacteroides_distasonis	9.293
2.6.1.1|g__Parabacteroides.s__Parabacteroides_merdae	1.803
2.6.1.16	13.287
2.6.1.16|unclassified	13.287
2.6.1.42	81.981
2.6.1.42|g__Bacteroides.s__Bacteroides_caccae	6.477
2.6.1.42|g__Bacteroides.s__Bacteroides_stercoris	48.574
2.6.1.42|g__Bacteroides.s__Bacteroides_uniformis	16.207
2.6.1.42|g__Methanomassiliicoccus.s__Candidatus_Methanomassiliicoccus_intestinalis	10.723
2.6.1.52	258.153
2.6.1.52|g__Alistipes.s__Alistipes_finegoldii	27.501
2.6.1.52|g__Bacteroides.s__Bacteroides_stercoris	21.555
2.6.1.52|g__Bacteroides.s__Bacteroides_uniformis	12.294
2.6.1.52|g__Bacteroides.s__Bacteroides_uniformis_CAG_3	17.442
2.6.1.52|g__Bacteroides.s__Bacteroides_vulgatus	39.883
2.6.1.52|g__Bacteroides.s__Bacteroides_vulgatus_CAG_6	41.935
2.6.1.52|g__Parabacteroides.s__Parabacteroides_distasonis	28.729
2.6.1.52|g__Parabacteroides.s__Parabacteroides_merdae	30.742
2.6.1.52|unclassified	38.071
2.6.99.2	56.028
2.6.99.2|g__Alistipes.s__Alistipes_putredinis	28.88
2.6.99.2|g__Alistipes.s__Alistipes_putredinis_CAG_67	14.314
2.6.99.2|g__Bacteroides.s__Bacteroides_vulgatus	4.821
2.6.99.2|g__Bacteroides.s__Bacteroides_vulgatus_CAG_6	8.013
2.7.1.107	18.998
2.7.1.107|unclassified	18.998
2.7.1.11	282.384
2.7.1.11|g__Alistipes.s__Alistipes_putredinis	35.969
2.7.1.11|g__Alistipes.s__Alistipes_putredinis_CAG_67	3.368
2.7.1.11|g__Bacteroides.s__Bacteroides_caccae	3.377
2.7.1.11|g__Bacteroides.s__Bacteroides_stercoris	43.671
2.7.1.11|g__Bacteroides.s__Bacteroides_uniformis	38.88
2.7.1.11|g__Bacteroides.s__Bacteroides_uniformis_CAG_3	25.677
2.7.1.11|g__Parabacteroides.s__Parabacteroides_distasonis	12.391
2.7.1.11|g__Parabacteroides.s__Parabacteroides_merdae	82.612
2.7.1.11|unclassified	36.438
2.7.1.130	45.127
2.7.1.130|g__Alistipes.s__Alistipes_putredinis	10.528
2.7.1.130|unclassified	34.6
2.7.1.148	400.081
2.7.1.148|g__Alistipes.s__Alistipes_putredinis	46.082
2.7.1.148|g__Alistipes.s__Alistipes_putredinis_CAG_67	26.576
2.7.1.148|g__Bacteroides.s__Bacteroides_uniformis_CAG_3	168.776
2.7.1.148|unclassified	158.646
2.7.1.15	9.557
2.7.1.15|g__Parabacteroides.s__Parabacteroides_distasonis	9.557
2.7.1.170	120.467
2.7.1.170|g__Bacteroides.s__Bacteroides_uniformis	57.704
2.7.1.170|g__Bacteroides.s__Bacteroides_uniformis_CAG_3	62.764
2.7.1.180	35.149
2.7.1.180|unclassified	35.149
2.7.1.2	101.534
2.7.1.2|g__Parabacteroides.s__Parabacteroides_distasonis	11.188
2.7.1.2|g__Parabacteroides.s__Parabacteroides_merdae	70.113
2.7.1.2|unclassified	20.233
2.7.1.21	39.047
2.7.1.21|g__Alistipes.s__Alistipes_finegoldii	20.507
2.7.1.21|unclassified	18.54
2.7.1.23	13.931
2.7.1.23|g__Alistipes.s__Alistipes_putredinis	6.339
2.7.1.23|g__Alistipes.s__Alistipes_putredinis_CAG_67	7.592
2.7.1.24	65.66
2.7.1.24|g__Alistipes.s__Alistipes_finegoldii	32.108
2.7.1.24|g__Bacteroides.s__Bacteroides_stercoris	22.907
2.7.1.24|unclassified	10.645
2.7.1.30	30.34
2.7.1.30|g__Parabacteroides.s__Parabacteroides_merdae	12.771
2.7.1.30|unclassified	17.569
2.7.1.31	38.638
2.7.1.31|g__Bacteroides.s__Bacteroides_uniformis	20.723
2.7.1.31|g__Bacteroides.s__Bacteroides_uniformis_CAG_3	17.914
2.7.1.33	30.751
2.7.1.33|g__Alistipes.s__Alistipes_putredinis	27.688
2.7.1.33|g__Alistipes.s__Alistipes_putredinis_CAG_67	3.063
2.7.1.35	61.671
2.7.1.35|unclassified	61.671
2.7.1.36	9.23
2.7.1.36|g__Methanomassiliicoccus.s__Candidatus_Methanomassiliicoccus_intestinalis	9.23
2.7.1.39	26.805
2.7.1.39|unclassified	26.805
2.7.1.40	60.496
2.7.1.40|g__Alistipes.s__Alistipes_putredinis	7.945
2.7.1.40|g__Alistipes.s__Alistipes_putredinis_CAG_67	8.655
2.7.1.40|g__Bacteroides.s__Bacteroides_stercoris	5.862
2.7.1.40|g__Bacteroides.s__Bacteroides_uniformis	13.189
2.7.1.40|g__Bacteroides.s__Bacteroides_uniformis_CAG_3	10.995
2.7.1.40|unclassified	13.85
2.7.1.48	42.843
2.7.1.48|g__Bacteroides.s__Bacteroides_caccae	3.568
2.7.1.48|g__Bacteroides.s__Bacteroides_stercoris	15.595
2.7.1.48|g__Bacteroides.s__Bacteroides_uniformis	0.63
2.7.1.48|g__Bacteroides.s__Bacteroides_uniformis_CAG_3	23.05
2.7.1.50	15.305
2.7.1.50|unclassified	15.305
2.7.1.66	35.949
2.7.1.66|g__Bacteroides.s__Bacteroides_uniformis	21.481
2.7.1.66|g__Bacteroides.s__Bacteroides_uniformis_CAG_3	14.468
2.7.1.69	71.229
2.7.1.69|g__Alistipes.s__Alistipes_finegoldii	71.229
2.7.1.71	133.765
2.7.1.71|g__Bacteroides.s__Bacteroides_stercoris	80.392
2.7.1.71|g__Parabacteroides.s__Parabacteroides_merdae	32.479
2.7.1.71|g__Parasutterella.s__Parasutterella_excrementihominis	8.739
2.7.1.71|unclassified	12.154
2.7.1.90	53.304
2.7.1.90|g__Bacteroides.s__Bacteroides_caccae	5.797
2.7.1.90|g__Bacteroides.s__Bacteroides_stercoris	8.372
2.7.1.90|g__Bacteroides.s__Bacteroides_uniformis	3.847
2.7.1.90|g__Bacteroides.s__Bacteroides_uniformis_CAG_3	0.643
2.7.1.90|g__Bacteroides.s__Bacteroides_vulgatus	7.096
2.7.1.90|g__Bacteroides.s__Bacteroides_vulgatus_CAG_6	3.227
2.7.1.90|unclassified	24.324
2.7.1.92	16.766
2.7.1.92|g__Parabacteroides.s__Parabacteroides_distasonis	16.766
2.7.13.3	99.497
2.7.13.3|g__Bacteroides.s__Bacteroides_uniformis	12.304
2.7.13.3|g__Bacteroides.s__Bacteroides_uniformis_CAG_3	3.081
2.7.13.3|unclassified	84.112
2.7.14.1	17.76
2.7.14.1|unclassified	17.76
2.7.2.1	43.566
2.7.2.1|unclassified	43.566
2.7.2.11	133.13
2.7.2.11|g__Bacteroides.s__Bacteroides_uniformis	23.292
2.7.2.11|g__Bacteroides.s__Bacteroides_uniformis_CAG_3	23.311
2.7.2.11|unclassified	86.527
2.7.2.3	101.709
2.7.2.3|g__Alistipes.s__Alistipes_putredinis	8.544
2.7.2.3|g__Alistipes.s__Alistipes_putredinis_CAG_67	17.14
2.7.2.3|g__Bacteroides.s__Bacteroides_caccae	5.14
2.7.2.3|g__Bacteroides.s__Bacteroides_stercoris	3.431
2.7.2.3|g__Bacteroides.s__Bacteroides_uniformis	5.141
2.7.2.3|g__Parabacteroides.s__Parabacteroides_distasonis	5.093
2.7.2.3|g__Parabacteroides.s__Parabacteroides_merdae	4.752
2.7.2.3|unclassified	52.467
2.7.2.7	173.219
2.7.2.7|g__Bacteroides.s__Bacteroides_uniformis	173.219
2.7.2.8	66.952
2.7.2.8|g__Alistipes.s__Alistipes_finegoldii	14.795
2.7.2.8|unclassified	52.157
2.7.3.9	102.031
2.7.3.9|g__Alistipes.s__Alistipes_finegoldii	102.031
2.7.4.16	26.052
2.7.4.16|g__Parabacteroides.s__Parabacteroides_merdae	11.717
2.7.4.16|unclassified	14.335
2.7.4.22	145.496
2.7.4.22|g__Alistipes.s__Alistipes_finegoldii	21.128
2.7.4.22|g__Bacteroides.s__Bacteroides_stercoris	6.48
2.7.4.22|g__Bacteroides.s__Bacteroides_vulgatus	11.382
2.7.4.22|g__Bacteroides.s__Bacteroides_vulgatus_CAG_6	14.577
2.7.4.22|g__Parabacteroides.s__Parabacteroides_distasonis	8.117
2.7.4.22|unclassified	83.811
2.7.4.25	72.589
2.7.4.25|g__Methanomassiliicoccus.s__Candidatus_Methanomassiliicoccus_intestinalis	18.546
2.7.4.25|unclassified	54.043
2.7.4.3	224.764
2.7.4.3|g__Bacteroides.s__Bacteroides_caccae	16.781
2.7.4.3|g__Methanomassiliicoccus.s__Candidatus_Methanomassiliicoccus_intestinalis	27.52
2.7.4.3|unclassified	180.463
2.7.4.6	66.403
2.7.4.6|g__Bacteroides.s__Bacteroides_caccae	13.391
2.7.4.6|g__Bacteroides.s__Bacteroides_vulgatus	5.384
2.7.4.6|g__Bacteroides.s__Bacteroides_vulgatus_CAG_6	2.674
2.7.4.6|g__Methanomassiliicoccus.s__Candidatus_Methanomassiliicoccus_intestinalis	44.954
2.7.4.8	122.793
2.7.4.8|g__Alistipes.s__Alistipes_finegoldii	35.64
2.7.4.8|g__Bacteroides.s__Bacteroides_caccae	16.905
2.7.4.8|unclassified	70.248
2.7.4.9	27.017
2.7.4.9|g__Alistipes.s__Alistipes_finegoldii	13.432
2.7.4.9|unclassified	13.586
2.7.6.1	216.882
2.7.6.1|g__Bacteroides.s__Bacteroides_uniformis	13.301
2.7.6.1|g__Bacteroides.s__Bacteroides_uniformis_CAG_3	18.901
2.7.6.1|g__Bacteroides.s__Bacteroides_vulgatus	5.413
2.7.6.1|g__Bacteroides.s__Bacteroides_vulgatus_CAG_6	8.287
2.7.6.1|g__Methanomassiliicoccus.s__Candidatus_Methanomassiliicoccus_intestinalis	47.395
2.7.6.1|unclassified	123.585
2.7.7.18	16.655
2.7.7.18|g__Bacteroides.s__Bacteroides_vulgatus	2.096
2.7.7.18|g__Bacteroides.s__Bacteroides_vulgatus_CAG_6	14.558
2.7.7.22	20.697
2.7.7.22|unclassified	20.697
2.7.7.24	31.54
2.7.7.24|g__Alistipes.s__Alistipes_finegoldii	31.54
2.7.7.27	17.847
2.7.7.27|unclassified	17.847
2.7.7.3	15.235
2.7.7.3|unclassified	15.235
2.7.7.38	45.188
2.7.7.38|g__Alistipes.s__Alistipes_putredinis	31.629
2.7.7.38|g__Alistipes.s__Alistipes_putredinis_CAG_67	13.559
2.7.7.41	300.587
2.7.7.41|g__Bacteroides.s__Bacteroides_uniformis	92.033
2.7.7.41|g__Bacteroides.s__Bacteroides_uniformis_CAG_3	145.318
2.7.7.41|g__Parabacteroides.s__Parabacteroides_merdae	21.602
2.7.7.41|unclassified	41.633
2.7.7.6	746.298
2.7.7.6|g__Bacteroides.s__Bacteroides_caccae	7.073
2.7.7.6|g__Bacteroides.s__Bacteroides_stercoris	4.914
2.7.7.6|g__Bacteroides.s__Bacteroides_uniformis	29.365
2.7.7.6|g__Bacteroides.s__Bacteroides_uniformis_CAG_3	30.654
2.7.7.6|g__Bacteroides.s__Bacteroides_vulgatus	2.564
2.7.7.6|g__Bacteroides.s__Bacteroides_vulgatus_CAG_6	0.771
2.7.7.6|g__Methanomassiliicoccus.s__Candidatus_Methanomassiliicoccus_intestinalis	398.901
2.7.7.6|unclassified	272.055
2.7.7.60	45.391
2.7.7.60|g__Alistipes.s__Alistipes_finegoldii	25.869
2.7.7.60|unclassified	19.522
2.7.7.63	35.354
2.7.7.63|g__Parabacteroides.s__Parabacteroides_distasonis	35.354
2.7.7.7	233.462
2.7.7.7|g__Alistipes.s__Alistipes_putredinis	35.181
2.7.7.7|g__Alistipes.s__Alistipes_putredinis_CAG_67	10.401
2.7.7.7|g__Bacteroides.s__Bacteroides_uniformis	126.619
2.7.7.7|g__Bacteroides.s__Bacteroides_uniformis_CAG_3	46.804
2.7.7.7|g__Parabacteroides.s__Parabacteroides_merdae	14.456
2.7.7.72	25.446
2.7.7.72|unclassified	25.446
2.7.7.8	122.366
2.7.7.8|g__Alistipes.s__Alistipes_finegoldii	9.332
2.7.7.8|g__Alistipes.s__Alistipes_putredinis	22.3
2.7.7.8|g__Alistipes.s__Alistipes_putredinis_CAG_67	10.374
2.7.7.8|g__Bacteroides.s__Bacteroides_caccae	1.962
2.7.7.8|g__Bacteroides.s__Bacteroides_stercoris	6.805
2.7.7.8|g__Bacteroides.s__Bacteroides_uniformis	7.793
2.7.7.8|g__Bacteroides.s__Bacteroides_uniformis_CAG_3	4.879
2.7.7.8|unclassified	58.922
2.7.7.85	66.624
2.7.7.85|unclassified	66.624
2.7.7.87	54.489
2.7.7.87|unclassified	54.489
2.7.7.9	13.083
2.7.7.9|unclassified	13.083
2.7.8.26	27.566
2.7.8.26|g__Methanomassiliicoccus.s__Candidatus_Methanomassiliicoccus_intestinalis	9.386
2.7.8.26|g__Parabacteroides.s__Parabacteroides_merdae	18.18
2.7.9.1	97.367
2.7.9.1|g__Alistipes.s__Alistipes_finegoldii	10.233
2.7.9.1|g__Alistipes.s__Alistipes_putredinis	7.702
2.7.9.1|g__Bacteroides.s__Bacteroides_caccae	6.85
2.7.9.1|g__Bacteroides.s__Bacteroides_stercoris	9.511
2.7.9.1|g__Bacteroides.s__Bacteroides_uniformis	6.469
2.7.9.1|g__Bacteroides.s__Bacteroides_uniformis_CAG_3	6.089
2.7.9.1|unclassified	50.514
2.8.1.10	21.241
2.8.1.10|unclassified	21.241
2.8.1.13	9.644
2.8.1.13|unclassified	9.644
2.8.1.7	56.286
2.8.1.7|unclassified	56.286
2.8.1.8	39.016
2.8.1.8|g__Alistipes.s__Alistipes_finegoldii	39.016
2.8.3.10	19.639
2.8.3.10|unclassified	19.639
2.8.3.8	17.668
2.8.3.8|unclassified	17.668
2.8.4.1	1131.499
2.8.4.1|g__Methanomassiliicoccus.s__Candidatus_Methanomassiliicoccus_intestinalis	1124.642
2.8.4.1|unclassified	6.857
2.8.4.3	14.868
2.8.4.3|g__Parabacteroides.s__Parabacteroides_merdae	14.868
2.8.4.4	29.835
2.8.4.4|g__Parabacteroides.s__Parabacteroides_distasonis	29.835
3.1.1.31	160.75
3.1.1.31|g__Bacteroides.s__Bacteroides_uniformis	48.035
3.1.1.31|g__Bacteroides.s__Bacteroides_uniformis_CAG_3	75.119
3.1.1.31|g__Bacteroides.s__Bacteroides_vulgatus	19.624
3.1.1.31|g__Bacteroides.s__Bacteroides_vulgatus_CAG_6	17.971
3.1.11.6	80.76
3.1.11.6|g__Alistipes.s__Alistipes_putredinis	11.444
3.1.11.6|g__Alistipes.s__Alistipes_putredinis_CAG_67	11.445
3.1.11.6|g__Parasutterella.s__Parasutterella_excrementihominis	10.155
3.1.11.6|unclassified	47.716
3.1.13.1	91.265
3.1.13.1|g__Bacteroides.s__Bacteroides_uniformis	18.999
3.1.13.1|g__Bacteroides.s__Bacteroides_uniformis_CAG_3	22.406
3.1.13.1|g__Bacteroides.s__Bacteroides_vulgatus	11.675
3.1.13.1|g__Bacteroides.s__Bacteroides_vulgatus_CAG_6	7.289
3.1.13.1|g__Parabacteroides.s__Parabacteroides_distasonis	16.242
3.1.13.1|unclassified	14.654
3.1.21.2	26.845
3.1.21.2|g__Bacteroides.s__Bacteroides_uniformis	8.018
3.1.21.2|g__Bacteroides.s__Bacteroides_uniformis_CAG_3	3.998
3.1.21.2|g__Methanomassiliicoccus.s__Candidatus_Methanomassiliicoccus_intestinalis	14.829
3.1.21.4	21.332
3.1.21.4|g__Bacteroides.s__Bacteroides_uniformis	13.575
3.1.21.4|g__Bacteroides.s__Bacteroides_uniformis_CAG_3	7.757
3.1.22.4	53.1
3.1.22.4|g__Alistipes.s__Alistipes_finegoldii	19.044
3.1.22.4|unclassified	34.055
3.1.26.3	46.359
3.1.26.3|g__Bacteroides.s__Bacteroides_uniformis	11.942
3.1.26.3|g__Bacteroides.s__Bacteroides_uniformis_CAG_3	11.462
3.1.26.3|unclassified	22.956
3.1.26.4	125.39
3.1.26.4|g__Alistipes.s__Alistipes_putredinis	7.846
3.1.26.4|g__Alistipes.s__Alistipes_putredinis_CAG_67	21.344
3.1.26.4|g__Bacteroides.s__Bacteroides_caccae	12.987
3.1.26.4|g__Bacteroides.s__Bacteroides_stercoris	9.805
3.1.26.4|g__Bacteroides.s__Bacteroides_uniformis	26.026
3.1.26.4|g__Bacteroides.s__Bacteroides_vulgatus	26.103
3.1.26.4|unclassified	21.279
3.1.26.5	42.209
3.1.26.5|g__Methanomassiliicoccus.s__Candidatus_Methanomassiliicoccus_intestinalis	8.734
3.1.26.5|g__Parabacteroides.s__Parabacteroides_distasonis	17.102
3.1.26.5|unclassified	16.373
3.1.3.11	27.487
3.1.3.11|g__Alistipes.s__Alistipes_putredinis	12.58
3.1.3.11|g__Alistipes.s__Alistipes_putredinis_CAG_67	1.582
3.1.3.11|g__Methanomassiliicoccus.s__Candidatus_Methanomassiliicoccus_intestinalis	13.325
3.1.3.16	22.477
3.1.3.16|g__Parabacteroides.s__Parabacteroides_distasonis	22.477
3.1.3.18	70.428
3.1.3.18|g__Bacteroides.s__Bacteroides_uniformis	12.425
3.1.3.18|g__Bacteroides.s__Bacteroides_uniformis_CAG_3	17.749
3.1.3.18|g__Methanomassiliicoccus.s__Candidatus_Methanomassiliicoccus_intestinalis	21.969
3.1.3.18|unclassified	18.286
3.1.3.25	29.175
3.1.3.25|g__Alistipes.s__Alistipes_finegoldii	14.512
3.1.3.25|unclassified	14.663
3.1.3.45	23.763
3.1.3.45|unclassified	23.763
3.1.3.48	26.437
3.1.3.48|unclassified	26.437
3.1.3.5	67.775
3.1.3.5|g__Parabacteroides.s__Parabacteroides_distasonis	22.183
3.1.3.5|g__Parabacteroides.s__Parabacteroides_merdae	45.591
3.1.3.7	194.228
3.1.3.7|g__Alistipes.s__Alistipes_finegoldii	13.141
3.1.3.7|g__Alistipes.s__Alistipes_putredinis	18.793
3.1.3.7|g__Alistipes.s__Alistipes_putredinis_CAG_67	3.756
3.1.3.7|g__Parabacteroides.s__Parabacteroides_distasonis	104.558
3.1.3.7|g__Parabacteroides.s__Parabacteroides_merdae	53.981
3.1.4.46	23.282
3.1.4.46|unclassified	23.282
3.1.4.58	23.252
3.1.4.58|unclassified	23.252
3.1.7.2	10.192
3.1.7.2|unclassified	10.192
3.1.8.1	41.724
3.1.8.1|unclassified	41.724
3.2.1.20	26.127
3.2.1.20|g__Alistipes.s__Alistipes_finegoldii	26.127
3.2.1.21	52.927
3.2.1.21|g__Bacteroides.s__Bacteroides_uniformis	26.786
3.2.1.21|g__Bacteroides.s__Bacteroides_uniformis_CAG_3	26.142
3.2.1.22	56.747
3.2.1.22|g__Alistipes.s__Alistipes_finegoldii	31.216
3.2.1.22|unclassified	25.531
3.2.1.23	40.645
3.2.1.23|g__Alistipes.s__Alistipes_finegoldii	27.005
3.2.1.23|g__Parabacteroides.s__Parabacteroides_merdae	13.639
3.2.1.4	14.49
3.2.1.4|unclassified	14.49
3.2.1.52	14.406
3.2.1.52|unclassified	14.406
3.2.1.78	35.793
3.2.1.78|g__Bacteroides.s__Bacteroides_uniformis	20.827
3.2.1.78|g__Bacteroides.s__Bacteroides_uniformis_CAG_3	14.965
3.2.1.96	167.773
3.2.1.96|g__Alistipes.s__Alistipes_finegoldii	44.016
3.2.1.96|unclassified	123.758
3.2.2.27	102.234
3.2.2.27|g__Parabacteroides.s__Parabacteroides_distasonis	7.024
3.2.2.27|g__Parabacteroides.s__Parabacteroides_merdae	57.86
3.2.2.27|unclassified	37.349
3.4.11.18	200.672
3.4.11.18|g__Alistipes.s__Alistipes_finegoldii	77.47
3.4.11.18|g__Alistipes.s__Alistipes_putredinis	43.835
3.4.11.18|g__Alistipes.s__Alistipes_putredinis_CAG_67	7.259
3.4.11.18|unclassified	72.109
3.4.11.4	90.251
3.4.11.4|g__Bacteroides.s__Bacteroides_stercoris	3.53
3.4.11.4|g__Bacteroides.s__Bacteroides_uniformis	30.945
3.4.11.4|g__Bacteroides.s__Bacteroides_uniformis_CAG_3	21.188
3.4.11.4|g__Bacteroides.s__Bacteroides_vulgatus	11.508
3.4.11.4|g__Bacteroides.s__Bacteroides_vulgatus_CAG_6	7.981
3.4.11.4|unclassified	15.098
3.4.13.18	66.756
3.4.13.18|g__Alistipes.s__Alistipes_finegoldii	39.715
3.4.13.18|g__Bacteroides.s__Bacteroides_vulgatus	13.878
3.4.13.18|g__Bacteroides.s__Bacteroides_vulgatus_CAG_6	13.164
3.4.13.20	19.755
3.4.13.20|unclassified	19.755
3.4.14.4	11.188
3.4.14.4|unclassified	11.188
3.4.15.5	36.465
3.4.15.5|g__Bacteroides.s__Bacteroides_vulgatus	7.589
3.4.15.5|unclassified	28.877
3.4.17.19	31.9
3.4.17.19|unclassified	31.9
3.4.21.105	23.706
3.4.21.105|g__Bacteroides.s__Bacteroides_uniformis	8.483
3.4.21.105|g__Bacteroides.s__Bacteroides_uniformis_CAG_3	15.223
3.4.21.107	34.008
3.4.21.107|g__Bacteroides.s__Bacteroides_caccae	22.186
3.4.21.107|g__Bacteroides.s__Bacteroides_uniformis	4.859
3.4.21.107|g__Bacteroides.s__Bacteroides_uniformis_CAG_3	6.962
3.4.21.108	11.822
3.4.21.108|g__Bacteroides.s__Bacteroides_uniformis	4.859
3.4.21.108|g__Bacteroides.s__Bacteroides_uniformis_CAG_3	6.962
3.4.21.53	21.944
3.4.21.53|unclassified	21.944
3.4.21.88	14.246
3.4.21.88|unclassified	14.246
3.4.21.89	32.824
3.4.21.89|unclassified	32.824
3.4.21.92	111.194
3.4.21.92|g__Parabacteroides.s__Parabacteroides_merdae	76.888
3.4.21.92|unclassified	34.306
3.4.23.36	214.379
3.4.23.36|g__Bacteroides.s__Bacteroides_stercoris	31.566
3.4.23.36|g__Bacteroides.s__Bacteroides_vulgatus	5.491
3.4.23.36|g__Bacteroides.s__Bacteroides_vulgatus_CAG_6	9.181
3.4.23.36|unclassified	168.14
3.4.25.1	88.68
3.4.25.1|g__Methanomassiliicoccus.s__Candidatus_Methanomassiliicoccus_intestinalis	88.68
3.4.25.2	7.572
3.4.25.2|unclassified	7.572
3.5.1.100	342.591
3.5.1.100|g__Bacteroides.s__Bacteroides_stercoris	25.428
3.5.1.100|g__Bacteroides.s__Bacteroides_uniformis	147.071
3.5.1.100|g__Bacteroides.s__Bacteroides_uniformis_CAG_3	158.147
3.5.1.100|g__Bacteroides.s__Bacteroides_vulgatus	10.455
3.5.1.100|g__Bacteroides.s__Bacteroides_vulgatus_CAG_6	1.49
3.5.1.108	18.506
3.5.1.108|g__Bacteroides.s__Bacteroides_caccae	3.839
3.5.1.108|g__Bacteroides.s__Bacteroides_stercoris	11.573
3.5.1.108|g__Bacteroides.s__Bacteroides_uniformis	1.544
3.5.1.108|g__Bacteroides.s__Bacteroides_uniformis_CAG_3	1.551
3.5.1.2	121.858
3.5.1.2|g__Bacteroides.s__Bacteroides_vulgatus	40.076
3.5.1.2|g__Bacteroides.s__Bacteroides_vulgatus_CAG_6	12.04
3.5.1.2|g__Methanomassiliicoccus.s__Candidatus_Methanomassiliicoccus_intestinalis	21.526
3.5.1.2|unclassified	48.216
3.5.1.28	40.853
3.5.1.28|unclassified	40.853
3.5.1.88	34.085
3.5.1.88|g__Parabacteroides.s__Parabacteroides_distasonis	12.927
3.5.1.88|unclassified	21.158
3.5.2.3	59.805
3.5.2.3|g__Parabacteroides.s__Parabacteroides_distasonis	59.805
3.5.2.6	257.841
3.5.2.6|g__Bacteroides.s__Bacteroides_caccae	58.427
3.5.2.6|g__Bacteroides.s__Bacteroides_uniformis	45.813
3.5.2.6|g__Bacteroides.s__Bacteroides_vulgatus	49.29
3.5.2.6|g__Parabacteroides.s__Parabacteroides_distasonis	64.155
3.5.2.6|g__Parabacteroides.s__Parabacteroides_merdae	12.646
3.5.2.6|unclassified	27.51
3.5.2.7	45.769
3.5.2.7|unclassified	45.769
3.5.2.9	17.683
3.5.2.9|unclassified	17.683
3.5.3.1	17.419
3.5.3.1|g__Parabacteroides.s__Parabacteroides_distasonis	9.95
3.5.3.1|g__Parabacteroides.s__Parabacteroides_merdae	7.469
3.5.3.11	26.757
3.5.3.11|unclassified	26.757
3.5.3.6	24.395
3.5.3.6|unclassified	24.395
3.5.4.10	39.304
3.5.4.10|g__Bacteroides.s__Bacteroides_caccae	2.783
3.5.4.10|g__Bacteroides.s__Bacteroides_stercoris	6.278
3.5.4.10|g__Bacteroides.s__Bacteroides_uniformis	7.69
3.5.4.10|g__Bacteroides.s__Bacteroides_uniformis_CAG_3	9.089
3.5.4.10|g__Bacteroides.s__Bacteroides_vulgatus	1.386
3.5.4.10|g__Bacteroides.s__Bacteroides_vulgatus_CAG_6	0.7
3.5.4.10|unclassified	11.378
3.5.4.25	18.677
3.5.4.25|g__Parabacteroides.s__Parabacteroides_merdae	18.677
3.5.4.28	17.908
3.5.4.28|g__Alistipes.s__Alistipes_putredinis	15.46
3.5.4.28|g__Alistipes.s__Alistipes_putredinis_CAG_67	2.448
3.5.4.3	22.803
3.5.4.3|unclassified	22.803
3.5.4.31	17.908
3.5.4.31|g__Alistipes.s__Alistipes_putredinis	15.46
3.5.4.31|g__Alistipes.s__Alistipes_putredinis_CAG_67	2.448
3.5.4.33	312.247
3.5.4.33|g__Alistipes.s__Alistipes_putredinis	22.664
3.5.4.33|g__Bacteroides.s__Bacteroides_uniformis	20.443
3.5.4.33|g__Bacteroides.s__Bacteroides_uniformis_CAG_3	54.458
3.5.4.33|unclassified	214.682
3.5.4.39	25.355
3.5.4.39|g__Methanomassiliicoccus.s__Candidatus_Methanomassiliicoccus_intestinalis	25.355
3.5.4.5	120.717
3.5.4.5|g__Parabacteroides.s__Parabacteroides_merdae	38.93
3.5.4.5|unclassified	81.788
3.5.4.9	21.224
3.5.4.9|g__Bacteroides.s__Bacteroides_caccae	5.076
3.5.4.9|g__Bacteroides.s__Bacteroides_uniformis	2.535
3.5.4.9|g__Bacteroides.s__Bacteroides_uniformis_CAG_3	5.052
3.5.4.9|unclassified	8.561
3.5.99.6	148.186
3.5.99.6|g__Bacteroides.s__Bacteroides_stercoris	6.845
3.5.99.6|g__Bacteroides.s__Bacteroides_uniformis	2.635
3.5.99.6|g__Bacteroides.s__Bacteroides_uniformis_CAG_3	9.484
3.5.99.6|g__Parabacteroides.s__Parabacteroides_distasonis	28.664
3.5.99.6|g__Parabacteroides.s__Parabacteroides_merdae	84.635
3.5.99.6|unclassified	15.923
3.6.1.1	140.133
3.6.1.1|g__Methanomassiliicoccus.s__Candidatus_Methanomassiliicoccus_intestinalis	35.514
3.6.1.1|g__Parabacteroides.s__Parabacteroides_distasonis	11.83
3.6.1.1|g__Parabacteroides.s__Parabacteroides_merdae	39.755
3.6.1.1|unclassified	53.034
3.6.1.15	13.231
3.6.1.15|g__Methanomassiliicoccus.s__Candidatus_Methanomassiliicoccus_intestinalis	13.231
3.6.1.23	36.658
3.6.1.23|unclassified	36.658
3.6.3.14	66.318
3.6.3.14|g__Bacteroides.s__Bacteroides_uniformis	6.536
3.6.3.14|g__Bacteroides.s__Bacteroides_uniformis_CAG_3	6.211
3.6.3.14|g__Bacteroides.s__Bacteroides_vulgatus	40.176
3.6.3.14|unclassified	13.396
3.6.3.15	15.298
3.6.3.15|unclassified	15.298
3.6.3.20	18.591
3.6.3.20|unclassified	18.591
3.6.3.4	14.611
3.6.3.4|g__Alistipes.s__Alistipes_putredinis	12.723
3.6.3.4|g__Alistipes.s__Alistipes_putredinis_CAG_67	1.888
3.6.4.12	178.081
3.6.4.12|g__Alistipes.s__Alistipes_finegoldii	22.976
3.6.4.12|g__Alistipes.s__Alistipes_putredinis	8.636
3.6.4.12|g__Alistipes.s__Alistipes_putredinis_CAG_67	1.08
3.6.4.12|g__Bacteroides.s__Bacteroides_caccae	2.128
3.6.4.12|g__Bacteroides.s__Bacteroides_stercoris	12.759
3.6.4.12|g__Bacteroides.s__Bacteroides_uniformis	16.746
3.6.4.12|g__Bacteroides.s__Bacteroides_uniformis_CAG_3	4.656
3.6.4.12|g__Bacteroides.s__Bacteroides_vulgatus	4.268
3.6.4.12|unclassified	104.832
3.6.4.13	8.422
3.6.4.13|g__Parabacteroides.s__Parabacteroides_distasonis	8.422
3.6.5.3	96.039
3.6.5.3|g__Alistipes.s__Alistipes_finegoldii	28.562
3.6.5.3|unclassified	67.477
3.6.5.n1	47.925
3.6.5.n1|g__Bacteroides.s__Bacteroides_stercoris	8.255
3.6.5.n1|g__Bacteroides.s__Bacteroides_uniformis	1.185
3.6.5.n1|g__Bacteroides.s__Bacteroides_vulgatus	25.457
3.6.5.n1|g__Bacteroides.s__Bacteroides_vulgatus_CAG_6	13.028
4.1.1.11	37.034
4.1.1.11|g__Alistipes.s__Alistipes_finegoldii	18.842
4.1.1.11|g__Parabacteroides.s__Parabacteroides_distasonis	3.802
4.1.1.11|g__Parabacteroides.s__Parabacteroides_merdae	14.39
4.1.1.15	89.419
4.1.1.15|g__Alistipes.s__Alistipes_putredinis	34.8
4.1.1.15|g__Alistipes.s__Alistipes_putredinis_CAG_67	16.653
4.1.1.15|unclassified	37.965
4.1.1.20	23.856
4.1.1.20|g__Parabacteroides.s__Parabacteroides_distasonis	23.856
4.1.1.23	49.204
4.1.1.23|g__Methanomassiliicoccus.s__Candidatus_Methanomassiliicoccus_intestinalis	18.041
4.1.1.23|unclassified	31.162
4.1.1.32	55.144
4.1.1.32|unclassified	55.144
4.1.1.49	216.455
4.1.1.49|g__Alistipes.s__Alistipes_finegoldii	3.3
4.1.1.49|g__Alistipes.s__Alistipes_putredinis_CAG_67	11.835
4.1.1.49|g__Bacteroides.s__Bacteroides_caccae	8.569
4.1.1.49|g__Bacteroides.s__Bacteroides_stercoris	19.783
4.1.1.49|g__Bacteroides.s__Bacteroides_uniformis	32.32
4.1.1.49|g__Bacteroides.s__Bacteroides_uniformis_CAG_3	16.229
4.1.1.49|g__Bacteroides.s__Bacteroides_vulgatus	36.347
4.1.1.49|g__Bacteroides.s__Bacteroides_vulgatus_CAG_6	8.587
4.1.1.49|g__Parabacteroides.s__Parabacteroides_distasonis	21.128
4.1.1.49|g__Parabacteroides.s__Parabacteroides_merdae	28.396
4.1.1.49|unclassified	29.959
4.1.1.65	6.408
4.1.1.65|unclassified	6.408
4.1.1.70	126.72
4.1.1.70|unclassified	126.72
4.1.2.13	135.056
4.1.2.13|g__Alistipes.s__Alistipes_putredinis	26.566
4.1.2.13|g__Alistipes.s__Alistipes_putredinis_CAG_67	34.79
4.1.2.13|g__Bacteroides.s__Bacteroides_vulgatus	12.068
4.1.2.13|g__Bacteroides.s__Bacteroides_vulgatus_CAG_6	11.918
4.1.2.13|g__Methanomassiliicoccus.s__Candidatus_Methanomassiliicoccus_intestinalis	13.325
4.1.2.13|unclassified	36.39
4.1.2.14	24.905
4.1.2.14|unclassified	24.905
4.1.2.4	86.274
4.1.2.4|g__Alistipes.s__Alistipes_finegoldii	29.135
4.1.2.4|g__Alistipes.s__Alistipes_putredinis	11.42
4.1.2.4|g__Alistipes.s__Alistipes_putredinis_CAG_67	33.023
4.1.2.4|unclassified	12.696
4.1.3.16	24.905
4.1.3.16|unclassified	24.905
4.1.3.6	19.639
4.1.3.6|unclassified	19.639
4.1.99.1	87.401
4.1.99.1|g__Alistipes.s__Alistipes_finegoldii	25.667
4.1.99.1|unclassified	61.733
4.1.99.12	28.54
4.1.99.12|g__Methanomassiliicoccus.s__Candidatus_Methanomassiliicoccus_intestinalis	9.863
4.1.99.12|g__Parabacteroides.s__Parabacteroides_merdae	18.677
4.1.99.2	25.667
4.1.99.2|g__Alistipes.s__Alistipes_finegoldii	25.667
4.2.1.1	15.588
4.2.1.1|unclassified	15.588
4.2.1.11	394.608
4.2.1.11|g__Alistipes.s__Alistipes_finegoldii	12.417
4.2.1.11|g__Alistipes.s__Alistipes_putredinis	8.285
4.2.1.11|g__Alistipes.s__Alistipes_putredinis_CAG_67	15.714
4.2.1.11|g__Bacteroides.s__Bacteroides_caccae	32.808
4.2.1.11|g__Bacteroides.s__Bacteroides_stercoris	35.362
4.2.1.11|g__Bacteroides.s__Bacteroides_uniformis	20.057
4.2.1.11|g__Bacteroides.s__Bacteroides_uniformis_CAG_3	25.881
4.2.1.11|g__Bacteroides.s__Bacteroides_vulgatus	55.676
4.2.1.11|g__Bacteroides.s__Bacteroides_vulgatus_CAG_6	49.015
4.2.1.11|g__Parabacteroides.s__Parabacteroides_distasonis	63.82
4.2.1.11|g__Parabacteroides.s__Parabacteroides_merdae	75.574
4.2.1.120	30.406
4.2.1.120|unclassified	30.406
4.2.1.126	53.613
4.2.1.126|unclassified	53.613
4.2.1.136	57.986
4.2.1.136|g__Parabacteroides.s__Parabacteroides_merdae	39.476
4.2.1.136|unclassified	18.51
4.2.1.151	46.943
4.2.1.151|g__Alistipes.s__Alistipes_putredinis	44.015
4.2.1.151|g__Alistipes.s__Alistipes_putredinis_CAG_67	2.928
4.2.1.17	19.484
4.2.1.17|unclassified	19.484
4.2.1.2	52.693
4.2.1.2|g__Alistipes.s__Alistipes_putredinis	5.93
4.2.1.2|g__Alistipes.s__Alistipes_putredinis_CAG_67	8.556
4.2.1.2|g__Bacteroides.s__Bacteroides_caccae	25.891
4.2.1.2|g__Bacteroides.s__Bacteroides_stercoris	6.463
4.2.1.2|g__Bacteroides.s__Bacteroides_uniformis_CAG_3	1.292
4.2.1.2|g__Parabacteroides.s__Parabacteroides_distasonis	4.561
4.2.1.20	57.875
4.2.1.20|g__Bacteroides.s__Bacteroides_caccae	4.696
4.2.1.20|g__Bacteroides.s__Bacteroides_stercoris	6.158
4.2.1.20|g__Bacteroides.s__Bacteroides_uniformis	8.62
4.2.1.20|g__Bacteroides.s__Bacteroides_uniformis_CAG_3	20.118
4.2.1.20|g__Parabacteroides.s__Parabacteroides_distasonis	16.464
4.2.1.20|g__Parabacteroides.s__Parabacteroides_merdae	1.818
4.2.1.3	85.264
4.2.1.3|g__Bacteroides.s__Bacteroides_stercoris	15.334
4.2.1.3|g__Parabacteroides.s__Parabacteroides_distasonis	27.811
4.2.1.3|g__Parabacteroides.s__Parabacteroides_merdae	28.767
4.2.1.3|unclassified	13.353
4.2.1.33	43.602
4.2.1.33|g__Alistipes.s__Alistipes_finegoldii	43.602
4.2.1.46	24.759
4.2.1.46|g__Bacteroides.s__Bacteroides_uniformis	6.634
4.2.1.46|g__Bacteroides.s__Bacteroides_uniformis_CAG_3	18.125
4.2.1.49	122.806
4.2.1.49|g__Bacteroides.s__Bacteroides_stercoris	13.772
4.2.1.49|g__Bacteroides.s__Bacteroides_uniformis	3.705
4.2.1.49|g__Bacteroides.s__Bacteroides_uniformis_CAG_3	2.115
4.2.1.49|unclassified	103.214
4.2.1.55	29.55
4.2.1.55|unclassified	29.55
4.2.1.59	18.506
4.2.1.59|g__Bacteroides.s__Bacteroides_caccae	3.839
4.2.1.59|g__Bacteroides.s__Bacteroides_stercoris	11.573
4.2.1.59|g__Bacteroides.s__Bacteroides_uniformis	1.544
4.2.1.59|g__Bacteroides.s__Bacteroides_uniformis_CAG_3	1.551
4.2.1.70	29.164
4.2.1.70|unclassified	29.164
4.2.1.8	45.375
4.2.1.8|unclassified	45.375
4.2.1.9	23.398
4.2.1.9|unclassified	23.398
4.2.3.1	48.371
4.2.3.1|unclassified	48.371
4.2.3.3	95.294
4.2.3.3|g__Bacteroides.s__Bacteroides_stercoris	2.336
4.2.3.3|g__Bacteroides.s__Bacteroides_uniformis	4.706
4.2.3.3|g__Bacteroides.s__Bacteroides_uniformis_CAG_3	14.13
4.2.3.3|unclassified	74.122
4.2.3.4	36.023
4.2.3.4|g__Bacteroides.s__Bacteroides_uniformis	20.59
4.2.3.4|g__Bacteroides.s__Bacteroides_uniformis_CAG_3	15.434
4.2.3.5	183.612
4.2.3.5|g__Bacteroides.s__Bacteroides_stercoris	72.157
4.2.3.5|g__Bacteroides.s__Bacteroides_uniformis	53.855
4.2.3.5|g__Bacteroides.s__Bacteroides_uniformis_CAG_3	5.076
4.2.3.5|unclassified	52.523
4.2.99.18	81.056
4.2.99.18|g__Parabacteroides.s__Parabacteroides_distasonis	27.982
4.2.99.18|unclassified	53.074
4.3.1.1	71.441
4.3.1.1|g__Bacteroides.s__Bacteroides_vulgatus	16.397
4.3.1.1|g__Bacteroides.s__Bacteroides_vulgatus_CAG_6	5.224
4.3.1.1|unclassified	49.82
4.3.1.19	64.386
4.3.1.19|unclassified	64.386
4.3.1.3	89.889
4.3.1.3|g__Alistipes.s__Alistipes_finegoldii	38.118
4.3.1.3|g__Parabacteroides.s__Parabacteroides_distasonis	14.958
4.3.1.3|g__Parabacteroides.s__Parabacteroides_merdae	11.435
4.3.1.3|unclassified	25.378
4.3.2.10	79.418
4.3.2.10|g__Bacteroides.s__Bacteroides_vulgatus	40.076
4.3.2.10|g__Bacteroides.s__Bacteroides_vulgatus_CAG_6	12.04
4.3.2.10|g__Methanomassiliicoccus.s__Candidatus_Methanomassiliicoccus_intestinalis	27.301
4.3.2.2	31.113
4.3.2.2|g__Bacteroides.s__Bacteroides_caccae	12.762
4.3.2.2|g__Bacteroides.s__Bacteroides_stercoris	1.596
4.3.2.2|g__Bacteroides.s__Bacteroides_uniformis	5.588
4.3.2.2|g__Bacteroides.s__Bacteroides_uniformis_CAG_3	3.189
4.3.2.2|g__Bacteroides.s__Bacteroides_vulgatus	7.978
4.3.3.7	124.672
4.3.3.7|g__Alistipes.s__Alistipes_putredinis	13.212
4.3.3.7|g__Alistipes.s__Alistipes_putredinis_CAG_67	5.003
4.3.3.7|g__Bacteroides.s__Bacteroides_vulgatus	16.231
4.3.3.7|g__Bacteroides.s__Bacteroides_vulgatus_CAG_6	11.575
4.3.3.7|g__Parabacteroides.s__Parabacteroides_distasonis	18.689
4.3.3.7|g__Parabacteroides.s__Parabacteroides_merdae	7.72
4.3.3.7|unclassified	52.241
4.3.99.3	64.481
4.3.99.3|g__Alistipes.s__Alistipes_finegoldii	14.716
4.3.99.3|g__Methanomassiliicoccus.s__Candidatus_Methanomassiliicoccus_intestinalis	14.726
4.3.99.3|g__Parabacteroides.s__Parabacteroides_distasonis	35.039
4.6.1.1	69.509
4.6.1.1|g__Bacteroides.s__Bacteroides_uniformis	34.683
4.6.1.1|g__Bacteroides.s__Bacteroides_uniformis_CAG_3	34.826
4.6.1.12	91.679
4.6.1.12|g__Alistipes.s__Alistipes_putredinis	5.135
4.6.1.12|g__Alistipes.s__Alistipes_putredinis_CAG_67	5.135
4.6.1.12|g__Bacteroides.s__Bacteroides_stercoris	20.7
4.6.1.12|g__Bacteroides.s__Bacteroides_uniformis_CAG_3	2.611
4.6.1.12|unclassified	58.098
4.6.1.17	6.517
4.6.1.17|unclassified	6.517
4.99.1.12	12.099
4.99.1.12|unclassified	12.099
5.1.1.1	18.968
5.1.1.1|g__Parabacteroides.s__Parabacteroides_merdae	18.968
5.1.3.1	402.984
5.1.3.1|g__Alistipes.s__Alistipes_finegoldii	117.648
5.1.3.1|g__Bacteroides.s__Bacteroides_stercoris	10.743
5.1.3.1|g__Bacteroides.s__Bacteroides_uniformis	44.841
5.1.3.1|g__Bacteroides.s__Bacteroides_uniformis_CAG_3	32.265
5.1.3.1|g__Bacteroides.s__Bacteroides_vulgatus	69.563
5.1.3.1|g__Bacteroides.s__Bacteroides_vulgatus_CAG_6	55.241
5.1.3.1|g__Parabacteroides.s__Parabacteroides_merdae	59.226
5.1.3.1|unclassified	13.457
5.1.3.11	74.036
5.1.3.11|g__Bacteroides.s__Bacteroides_uniformis	74.036
5.1.3.2	69.116
5.1.3.2|g__Alistipes.s__Alistipes_finegoldii	24.53
5.1.3.2|g__Bacteroides.s__Bacteroides_vulgatus	33.969
5.1.3.2|g__Bacteroides.s__Bacteroides_vulgatus_CAG_6	10.617
5.1.3.3	27.966
5.1.3.3|g__Bacteroides.s__Bacteroides_uniformis	6.676
5.1.3.3|g__Bacteroides.s__Bacteroides_uniformis_CAG_3	4.781
5.1.3.3|g__Parabacteroides.s__Parabacteroides_merdae	16.509
5.1.99.6	39.476
5.1.99.6|g__Parabacteroides.s__Parabacteroides_merdae	39.476
5.2.1.8	359.332
5.2.1.8|g__Alistipes.s__Alistipes_finegoldii	17.918
5.2.1.8|g__Alistipes.s__Alistipes_putredinis	23.232
5.2.1.8|g__Bacteroides.s__Bacteroides_stercoris	12.771
5.2.1.8|g__Bacteroides.s__Bacteroides_vulgatus	62.317
5.2.1.8|g__Bacteroides.s__Bacteroides_vulgatus_CAG_6	9.429
5.2.1.8|g__Methanomassiliicoccus.s__Candidatus_Methanomassiliicoccus_intestinalis	44.216
5.2.1.8|g__Parabacteroides.s__Parabacteroides_distasonis	49.82
5.2.1.8|g__Parabacteroides.s__Parabacteroides_merdae	56.941
5.2.1.8|unclassified	82.689
5.3.1.1	151.196
5.3.1.1|g__Alistipes.s__Alistipes_putredinis	23.488
5.3.1.1|g__Alistipes.s__Alistipes_putredinis_CAG_67	14.693
5.3.1.1|g__Bacteroides.s__Bacteroides_stercoris	1.513
5.3.1.1|g__Bacteroides.s__Bacteroides_uniformis	4.548
5.3.1.1|g__Bacteroides.s__Bacteroides_uniformis_CAG_3	4.523
5.3.1.1|unclassified	102.431
5.3.1.12	27.425
5.3.1.12|g__Bacteroides.s__Bacteroides_caccae	7.635
5.3.1.12|g__Bacteroides.s__Bacteroides_stercoris	7.614
5.3.1.12|g__Bacteroides.s__Bacteroides_vulgatus	4.561
5.3.1.12|g__Bacteroides.s__Bacteroides_vulgatus_CAG_6	7.615
5.3.1.23	62.401
5.3.1.23|g__Parabacteroides.s__Parabacteroides_distasonis	62.401
5.3.1.28	30.621
5.3.1.28|g__Bacteroides.s__Bacteroides_uniformis	16.339
5.3.1.28|g__Bacteroides.s__Bacteroides_uniformis_CAG_3	14.282
5.3.1.6	65.551
5.3.1.6|g__Alistipes.s__Alistipes_finegoldii	18.994
5.3.1.6|g__Parabacteroides.s__Parabacteroides_distasonis	34.368
5.3.1.6|unclassified	12.189
5.3.1.9	19.377
5.3.1.9|unclassified	19.377
5.4.2.11	42.56
5.4.2.11|g__Bacteroides.s__Bacteroides_stercoris	1.484
5.4.2.11|g__Bacteroides.s__Bacteroides_uniformis	10.659
5.4.2.11|g__Bacteroides.s__Bacteroides_vulgatus	4.55
5.4.2.11|g__Parabacteroides.s__Parabacteroides_distasonis	6.095
5.4.2.11|g__Parabacteroides.s__Parabacteroides_merdae	19.772
5.4.2.12	98.477
5.4.2.12|g__Bacteroides.s__Bacteroides_stercoris	2.808
5.4.2.12|g__Bacteroides.s__Bacteroides_uniformis	7.037
5.4.2.12|g__Bacteroides.s__Bacteroides_uniformis_CAG_3	9.253
5.4.2.12|g__Bacteroides.s__Bacteroides_vulgatus	9.545
5.4.2.12|g__Methanomassiliicoccus.s__Candidatus_Methanomassiliicoccus_intestinalis	12.292
5.4.2.12|g__Parabacteroides.s__Parabacteroides_distasonis	13.263
5.4.2.12|g__Parabacteroides.s__Parabacteroides_merdae	4.213
5.4.2.12|unclassified	40.067
5.4.2.8	40.921
5.4.2.8|unclassified	40.921
5.4.3.2	105.819
5.4.3.2|g__Parabacteroides.s__Parabacteroides_distasonis	105.819
5.4.99.12	123.173
5.4.99.12|g__Alistipes.s__Alistipes_finegoldii	77.38
5.4.99.12|unclassified	45.793
5.4.99.18	7.752
5.4.99.18|g__Methanomassiliicoccus.s__Candidatus_Methanomassiliicoccus_intestinalis	7.752
5.4.99.2	14.135
5.4.99.2|unclassified	14.135
5.4.99.26	63.85
5.4.99.26|g__Bacteroides.s__Bacteroides_uniformis	15.563
5.4.99.26|g__Bacteroides.s__Bacteroides_uniformis_CAG_3	48.288
5.99.1.3	248.144
5.99.1.3|g__Alistipes.s__Alistipes_finegoldii	18.738
5.99.1.3|g__Alistipes.s__Alistipes_putredinis	23.047
5.99.1.3|g__Bacteroides.s__Bacteroides_stercoris	13.476
5.99.1.3|g__Bacteroides.s__Bacteroides_uniformis	23.017
5.99.1.3|g__Bacteroides.s__Bacteroides_uniformis_CAG_3	18.417
5.99.1.3|g__Bacteroides.s__Bacteroides_vulgatus	9.29
5.99.1.3|g__Bacteroides.s__Bacteroides_vulgatus_CAG_6	8.546
5.99.1.3|unclassified	133.613
6.1.1.1	34.848
6.1.1.1|unclassified	34.848
6.1.1.10	12.991
6.1.1.10|unclassified	12.991
6.1.1.11	30.601
6.1.1.11|g__Bacteroides.s__Bacteroides_uniformis	3.392
6.1.1.11|g__Bacteroides.s__Bacteroides_uniformis_CAG_3	2.532
6.1.1.11|g__Bacteroides.s__Bacteroides_vulgatus	2.542
6.1.1.11|g__Bacteroides.s__Bacteroides_vulgatus_CAG_6	7.613
6.1.1.11|unclassified	14.523
6.1.1.12	24.014
6.1.1.12|g__Bacteroides.s__Bacteroides_caccae	0.598
6.1.1.12|g__Bacteroides.s__Bacteroides_stercoris	3.604
6.1.1.12|g__Bacteroides.s__Bacteroides_uniformis	6.01
6.1.1.12|g__Bacteroides.s__Bacteroides_uniformis_CAG_3	3.003
6.1.1.12|g__Parabacteroides.s__Parabacteroides_distasonis	9.599
6.1.1.12|g__Parabacteroides.s__Parabacteroides_merdae	1.201
6.1.1.14	32.734
6.1.1.14|g__Bacteroides.s__Bacteroides_caccae	1.379
6.1.1.14|g__Bacteroides.s__Bacteroides_stercoris	8.275
6.1.1.14|g__Bacteroides.s__Bacteroides_uniformis	4.138
6.1.1.14|g__Bacteroides.s__Bacteroides_uniformis_CAG_3	1.378
6.1.1.14|g__Bacteroides.s__Bacteroides_vulgatus	4.832
6.1.1.14|unclassified	12.731
6.1.1.15	35.083
6.1.1.15|g__Alistipes.s__Alistipes_finegoldii	12.205
6.1.1.15|unclassified	22.878
6.1.1.16	10.11
6.1.1.16|g__Bacteroides.s__Bacteroides_stercoris	1.447
6.1.1.16|g__Bacteroides.s__Bacteroides_uniformis	2.152
6.1.1.16|g__Bacteroides.s__Bacteroides_uniformis_CAG_3	6.51
6.1.1.18	32.459
6.1.1.18|g__Alistipes.s__Alistipes_putredinis	8.794
6.1.1.18|g__Alistipes.s__Alistipes_putredinis_CAG_67	6.291
6.1.1.18|unclassified	17.374
6.1.1.19	42.315
6.1.1.19|g__Bacteroides.s__Bacteroides_stercoris	4.056
6.1.1.19|g__Bacteroides.s__Bacteroides_uniformis	5.21
6.1.1.19|g__Bacteroides.s__Bacteroides_uniformis_CAG_3	6.367
6.1.1.19|unclassified	26.682
6.1.1.2	13.33
6.1.1.2|unclassified	13.33
6.1.1.20	7.831
6.1.1.20|unclassified	7.831
6.1.1.21	21.355
6.1.1.21|g__Parabacteroides.s__Parabacteroides_merdae	21.355
6.1.1.22	82.547
6.1.1.22|g__Bacteroides.s__Bacteroides_caccae	3.817
6.1.1.22|g__Bacteroides.s__Bacteroides_uniformis	2.291
6.1.1.22|g__Bacteroides.s__Bacteroides_uniformis_CAG_3	0.762
6.1.1.22|g__Bacteroides.s__Bacteroides_vulgatus	3.051
6.1.1.22|g__Bacteroides.s__Bacteroides_vulgatus_CAG_6	8.379
6.1.1.22|g__Parabacteroides.s__Parabacteroides_distasonis	9.14
6.1.1.22|g__Parabacteroides.s__Parabacteroides_merdae	3.046
6.1.1.22|unclassified	52.062
6.1.1.4	27.279
6.1.1.4|g__Methanomassiliicoccus.s__Candidatus_Methanomassiliicoccus_intestinalis	10.155
6.1.1.4|unclassified	17.125
6.1.1.5	28.734
6.1.1.5|unclassified	28.734
6.1.1.6	59.309
6.1.1.6|g__Alistipes.s__Alistipes_putredinis	9.792
6.1.1.6|g__Alistipes.s__Alistipes_putredinis_CAG_67	7.343
6.1.1.6|unclassified	42.174
6.1.1.7	49.742
6.1.1.7|g__Bacteroides.s__Bacteroides_stercoris	0.791
6.1.1.7|g__Bacteroides.s__Bacteroides_uniformis	32.067
6.1.1.7|g__Bacteroides.s__Bacteroides_uniformis_CAG_3	0.396
6.1.1.7|unclassified	16.488
6.2.1.22	21.932
6.2.1.22|unclassified	21.932
6.2.1.30	67.8
6.2.1.30|g__Parabacteroides.s__Parabacteroides_distasonis	67.8
6.3.1.1	14.613
6.3.1.1|unclassified	14.613
6.3.2.4	166.289
6.3.2.4|g__Parabacteroides.s__Parabacteroides_distasonis	20.001
6.3.2.4|g__Parabacteroides.s__Parabacteroides_merdae	96.059
6.3.2.4|unclassified	50.228
6.3.2.6	21.958
6.3.2.6|unclassified	21.958
6.3.3.1	16.24
6.3.3.1|unclassified	16.24
6.3.3.2	69.46
6.3.3.2|g__Alistipes.s__Alistipes_finegoldii	22.236
6.3.3.2|g__Bacteroides.s__Bacteroides_uniformis	4.598
6.3.3.2|g__Bacteroides.s__Bacteroides_uniformis_CAG_3	7.463
6.3.3.2|g__Bacteroides.s__Bacteroides_vulgatus	4.545
6.3.3.2|g__Bacteroides.s__Bacteroides_vulgatus_CAG_6	16.32
6.3.3.2|unclassified	14.297
6.3.4.15	282.3
6.3.4.15|g__Bacteroides.s__Bacteroides_uniformis	24.964
6.3.4.15|g__Bacteroides.s__Bacteroides_uniformis_CAG_3	19.051
6.3.4.15|unclassified	238.285
6.3.4.18	22.636
6.3.4.18|unclassified	22.636
6.3.4.19	53.137
6.3.4.19|g__Bacteroides.s__Bacteroides_uniformis	14.472
6.3.4.19|g__Bacteroides.s__Bacteroides_uniformis_CAG_3	18.711
6.3.4.19|unclassified	19.954
6.3.4.2	20.387
6.3.4.2|unclassified	20.387
6.3.4.21	17.725
6.3.4.21|unclassified	17.725
6.3.4.3	24.241
6.3.4.3|g__Alistipes.s__Alistipes_putredinis	5.082
6.3.4.3|g__Alistipes.s__Alistipes_putredinis_CAG_67	9.529
6.3.4.3|g__Methanomassiliicoccus.s__Candidatus_Methanomassiliicoccus_intestinalis	9.629
6.3.4.4	72.012
6.3.4.4|g__Bacteroides.s__Bacteroides_caccae	4.245
6.3.4.4|g__Bacteroides.s__Bacteroides_uniformis	9.332
6.3.4.4|g__Bacteroides.s__Bacteroides_uniformis_CAG_3	5.089
6.3.4.4|unclassified	53.347
6.3.4.5	17.553
6.3.4.5|g__Methanomassiliicoccus.s__Candidatus_Methanomassiliicoccus_intestinalis	17.553
6.3.5.11	17.549
6.3.5.11|g__Parabacteroides.s__Parabacteroides_distasonis	17.549
6.3.5.2	41.962
6.3.5.2|g__Bacteroides.s__Bacteroides_caccae	0.825
6.3.5.2|g__Bacteroides.s__Bacteroides_uniformis	2.473
6.3.5.2|g__Bacteroides.s__Bacteroides_uniformis_CAG_3	2.468
6.3.5.2|g__Bacteroides.s__Bacteroides_vulgatus	4.116
6.3.5.2|g__Bacteroides.s__Bacteroides_vulgatus_CAG_6	4.115
6.3.5.2|g__Parabacteroides.s__Parabacteroides_merdae	6.563
6.3.5.2|unclassified	21.402
6.3.5.3	108.713
6.3.5.3|g__Bacteroides.s__Bacteroides_caccae	0.277
6.3.5.3|g__Bacteroides.s__Bacteroides_stercoris	8.022
6.3.5.3|g__Bacteroides.s__Bacteroides_uniformis	39.032
6.3.5.3|g__Bacteroides.s__Bacteroides_uniformis_CAG_3	39.856
6.3.5.3|g__Methanomassiliicoccus.s__Candidatus_Methanomassiliicoccus_intestinalis	21.526
6.3.5.5	32.394
6.3.5.5|g__Methanomassiliicoccus.s__Candidatus_Methanomassiliicoccus_intestinalis	18.242
6.3.5.5|unclassified	14.152
6.4.1.1	29.715
6.4.1.1|g__Bacteroides.s__Bacteroides_vulgatus	11.292
6.4.1.1|g__Bacteroides.s__Bacteroides_vulgatus_CAG_6	18.423
6.4.1.3	56.183
6.4.1.3|g__Parabacteroides.s__Parabacteroides_distasonis	33.04
6.4.1.3|unclassified	23.143
6.5.1.2	66.546
6.5.1.2|g__Alistipes.s__Alistipes_putredinis	18.072
6.5.1.2|g__Alistipes.s__Alistipes_putredinis_CAG_67	14.382
6.5.1.2|g__Parabacteroides.s__Parabacteroides_distasonis	21.55
6.5.1.2|unclassified	12.542
7.1.2.2	298.284
7.1.2.2|g__Bacteroides.s__Bacteroides_caccae	11.202
7.1.2.2|g__Bacteroides.s__Bacteroides_stercoris	10.841
7.1.2.2|g__Bacteroides.s__Bacteroides_uniformis	40.711
7.1.2.2|g__Bacteroides.s__Bacteroides_uniformis_CAG_3	32.49
7.1.2.2|g__Bacteroides.s__Bacteroides_vulgatus	17.308
7.1.2.2|g__Bacteroides.s__Bacteroides_vulgatus_CAG_6	22.879
7.1.2.2|g__Methanomassiliicoccus.s__Candidatus_Methanomassiliicoccus_intestinalis	57.075
7.1.2.2|g__Parabacteroides.s__Parabacteroides_distasonis	16.831
7.1.2.2|g__Parabacteroides.s__Parabacteroides_merdae	6.301
7.1.2.2|unclassified	82.645
7.1.3.1	22.92
7.1.3.1|g__Methanomassiliicoccus.s__Candidatus_Methanomassiliicoccus_intestinalis	22.92
